horizon,target,feature,mean_ic,icir,t_nw,hit_rate,n_days
5,excess,ret_1,-0.007794039655893734,-0.7197785876882533,-2.8985682694940547,0.48912518124697923,4138
5,excess,ret_5,-0.012806941262138574,-1.1336174466763032,-2.6475269324587236,0.47435897435897434,4134
5,excess,ret_10,-0.005831349031498372,-0.5104655613666044,-1.147276019993858,0.48728505691450713,4129
5,excess,ret_21,-0.004952028339743946,-0.42494399726653354,-0.9386026456592714,0.49490043710539094,4118
5,excess,ret_63,-7.57273274780361e-05,-0.005889090701854953,-0.012801054100354889,0.5130029440628067,4076
5,excess,ret_126,0.00878090788611709,0.6305912562930533,1.3266208329331612,0.5429852977822078,4013
5,excess,ret_252,0.017007884842138547,1.133127041022872,2.28534325978049,0.5495240545407769,3887
5,excess,mom_12_1,0.018964677016078076,1.2797037479618916,2.576869567215114,0.5513249292513507,3887
5,excess,mom_6_1,0.00910945984790337,0.674453314695843,1.4054359217013594,0.5394966359332171,4013
5,excess,vol_10,0.011057682650807246,0.7799445743025307,1.620985973974063,0.5255139056831922,4135
5,excess,vol_21,0.011827460082503707,0.7760181322723022,1.5960315295148035,0.5263922518159806,4130
5,excess,vol_63,0.012944919332691901,0.7893894713093593,1.6124908163997795,0.535410075444147,4109
5,excess,vol_ratio,-9.123128974504069e-05,-0.012657795817623337,-0.027441798400980457,0.49501095156972497,4109
5,excess,parkinson_vol,0.014419751243396292,0.8918185701078414,1.8219787430456091,0.5381995133819951,4110
5,excess,downside_vol,0.005514452116858204,0.3580650226605949,0.7434757134978447,0.508565834557024,4086
5,excess,ret_skew,-0.0028493410851301846,-0.4146417300024573,-0.8647988707904837,0.4877099050863957,4109
5,excess,ret_kurt,0.00456896713041588,0.7295547188498043,1.5248536605824805,0.515210513506936,4109
5,excess,px_to_ma_10,-0.011604800566924516,-1.0257797303569798,-2.3377411144002678,0.48718568665377177,4136
5,excess,px_to_ma_21,-0.007662013317701965,-0.6618986137731392,-1.467169874742287,0.49019607843137253,4131
5,excess,px_to_ma_50,-0.003906097642899642,-0.31949261847650123,-0.7144127561915827,0.511175898931001,4116
5,excess,px_to_ma_200,0.007466582581350022,0.52000022074302,1.0911305651133365,0.5352635486265775,4041
5,excess,ma_cross,0.009052096406597956,0.625846126158309,1.3047487755458935,0.5394704281118535,4041
5,excess,dist_52w_high,0.0002750754988574812,0.018595640753747516,0.037775631246313765,0.5091889242832639,4081
5,excess,dist_52w_low,0.013943859208402425,1.1203391571135715,2.4252109541878353,0.5410438617985788,4081
5,excess,bollinger_z,-0.007396503459569608,-0.7096620153518811,-1.5622816831080863,0.4914064391188574,4131
5,excess,rsi_14,-0.0030292436438176472,-0.2650299902478569,-0.5758064922033547,0.5053320407174018,4126
5,excess,macd_norm,-0.003268125580526405,-0.2685084675093038,-0.5914854867811594,0.5042527339003645,4115
5,excess,macd_hist,-0.006641475262213286,-0.5877149231240174,-1.2363086267286238,0.4838081324567811,4107
5,excess,log_dollar_volume,-0.01303609244338552,-1.8410999115841076,-3.753099807599748,0.4454106280193237,4140
5,excess,dv_trend,-0.003712298240002925,-0.5606695523359614,-1.215668606417532,0.48150851581508514,4110
5,excess,volume_ratio,-0.0030647577597720924,-0.4948952317408566,-1.2744520599899398,0.49951338199513384,4110
5,excess,amihud_illiq,0.015357223131179994,1.6926970711438591,3.412146556946998,0.5397907033341446,4109
5,excess,beta_63,0.011192956093719885,0.6157617186399381,1.2550406595765915,0.5300559746897056,4109
5,excess,alpha_63,0.0037113498243315753,0.2963949932524541,0.6256578361969023,0.5198345096130446,4109
5,excess,idio_vol_63,0.00967397163574264,0.7412487972275483,1.5132705047206987,0.5258641823976464,4079
5,excess,corr_mkt_63,0.0009164647371558247,0.07578935917526432,0.1531573013918974,0.4886833779508396,4109
5,vol_scaled,ret_1,-0.006887138064858766,-0.7011434140238848,-2.7104141090131444,0.48746653687028474,4109
5,vol_scaled,ret_5,-0.010284412778304688,-1.0013253346697375,-2.2727796418836217,0.4755414942808469,4109
5,vol_scaled,ret_10,-0.004354525011937252,-0.4201713287690402,-0.9132016893130838,0.48941348259917256,4109
5,vol_scaled,ret_21,-0.002196366528232578,-0.20809001344637967,-0.44895463541950764,0.5025553662691652,4109
5,vol_scaled,ret_63,0.0023997755567849374,0.20537074627158244,0.44561536061513357,0.5169283611383709,4076
5,vol_scaled,ret_126,0.010438449231057783,0.8274656977149413,1.735290855195241,0.5422377273859955,4013
5,vol_scaled,ret_252,0.018620778608868738,1.3625138184545174,2.7548544843718616,0.5518394648829431,3887
5,vol_scaled,mom_12_1,0.01944625524812052,1.4458352596781106,2.9251963766923614,0.5541548752251093,3887
5,vol_scaled,mom_6_1,0.010010182354438497,0.8197040079368177,1.7009406183042857,0.5332668826314478,4013
5,vol_scaled,vol_10,-0.01592222150980729,-1.3260709745354882,-2.69040333910699,0.45363835483085907,4109
5,vol_scaled,vol_21,-0.019818994279635228,-1.5281122002251972,-3.075627920479916,0.4553419323436359,4109
5,vol_scaled,vol_63,-0.023593948389764502,-1.6744626380893575,-3.3817598004702827,0.44390362618642004,4109
5,vol_scaled,vol_ratio,0.003216769048629513,0.4462313431814918,0.9677142232441877,0.5122900949136043,4109
5,vol_scaled,parkinson_vol,-0.01911871844495266,-1.3947450597159425,-2.797500626623437,0.4628863470430762,4109
5,vol_scaled,downside_vol,-0.021232205944471734,-1.6283442934158996,-3.346222809540169,0.44640234948604995,4086
5,vol_scaled,ret_skew,-0.0045068128900116735,-0.6982562659726662,-1.44699136266955,0.4835726454125091,4109
5,vol_scaled,ret_kurt,-0.0058051227206705885,-0.807582826252093,-1.7112757011913098,0.46702360671696275,4109
5,vol_scaled,px_to_ma_10,-0.009588684212952026,-0.926912327954846,-2.036538260635418,0.4825991725480652,4109
5,vol_scaled,px_to_ma_21,-0.004554694131735979,-0.43222047250220413,-0.930106538387818,0.4935507422730591,4109
5,vol_scaled,px_to_ma_50,-0.0011318076077773147,-0.10178584097182643,-0.22265104338736486,0.5091263081041616,4109
5,vol_scaled,px_to_ma_200,0.010471702297157466,0.8031206737353391,1.6879859446315908,0.5394704281118535,4041
5,vol_scaled,ma_cross,0.01184375024659418,0.900309720453766,1.8758030380051594,0.5412026726057907,4041
5,vol_scaled,dist_52w_high,0.017799744470651666,1.382131151140276,2.8439864690746455,0.5532957608429306,4081
5,vol_scaled,dist_52w_low,0.004136535925581191,0.3496258173837876,0.732291404965362,0.522666013232051,4081
5,vol_scaled,bollinger_z,-0.006307416491264632,-0.630982964453976,-1.3731816012907574,0.4879532733025067,4109
5,vol_scaled,rsi_14,-0.001182459390014468,-0.10913628880390308,-0.23584676265072882,0.514480408858603,4109
5,vol_scaled,macd_norm,-0.0002799075017986866,-0.02528426061844088,-0.05463643112776095,0.5120467266974933,4109
5,vol_scaled,macd_hist,-0.005767467447916397,-0.5675428279010036,-1.1565078914807998,0.4794253713172632,4107
5,vol_scaled,log_dollar_volume,-0.011118715420604674,-1.6008692907000603,-3.2747417213449683,0.45607203699196885,4109
5,vol_scaled,dv_trend,-0.0015873055027801803,-0.2583819853149545,-0.5576314059740429,0.49038695546361644,4109
5,vol_scaled,volume_ratio,0.0008603298110677675,0.14555680245427285,0.372897481753241,0.5103431491847165,4109
5,vol_scaled,amihud_illiq,0.001103682331749201,0.13625754212554128,0.2694026226353609,0.4930640058408372,4109
5,vol_scaled,beta_63,-0.014838191339191238,-1.0058319875011912,-2.0115962792326934,0.47627159892917986,4109
5,vol_scaled,alpha_63,0.0066630561868981555,0.5768958878344049,1.2226842342897808,0.5264054514480409,4109
5,vol_scaled,idio_vol_63,-0.022685633547117917,-1.784216242756906,-3.6068237769155385,0.4434910517283648,4079
5,vol_scaled,corr_mkt_63,0.004881053761801191,0.3665099682846403,0.7415705808878987,0.5096130445363836,4109
5,beta_neutral,ret_1,-0.008363201640880832,-0.8364789029095556,-3.1846601936315753,0.4860063275736189,4109
5,beta_neutral,ret_5,-0.012065020615972205,-1.1522653300786314,-2.610603490662553,0.4697006570941835,4109
5,beta_neutral,ret_10,-0.005225508565928204,-0.49947352801668976,-1.0893772119836123,0.4877099050863957,4109
5,beta_neutral,ret_21,-0.0032229079438093303,-0.3019902381913808,-0.656586531952594,0.49549768800194693,4109
5,beta_neutral,ret_63,-0.00010931333789945756,-0.009186975189740787,-0.019723646108405202,0.5098135426889107,4076
5,beta_neutral,ret_126,0.006886520370628831,0.5250715910699597,1.0915446629914405,0.5367555444804386,4013
5,beta_neutral,ret_252,0.011286540560390492,0.791135734768697,1.5869979483168337,0.5351170568561873,3887
5,beta_neutral,mom_12_1,0.012176645685738001,0.8702254824845855,1.745797417552114,0.5315153074350398,3887
5,beta_neutral,mom_6_1,0.006405528047383636,0.5074351103382746,1.0500472587536365,0.5257911786693247,4013
5,beta_neutral,vol_10,-0.013801767281475594,-1.1843281160662946,-2.4402721301653267,0.4606960330980774,4109
5,beta_neutral,vol_21,-0.016321451180974545,-1.3137789170741188,-2.673116849613462,0.46118276953029935,4109
5,beta_neutral,vol_63,-0.017790398341254763,-1.3429043197499115,-2.7396186557861038,0.45339498661474814,4109
5,beta_neutral,vol_ratio,-0.0010635262842511495,-0.15036877067519053,-0.33154982330315147,0.49233390119250425,4109
5,beta_neutral,parkinson_vol,-0.013538657572042874,-1.0333063251345296,-2.0933250684015228,0.46702360671696275,4109
5,beta_neutral,downside_vol,-0.017215139759957594,-1.2930923680248934,-2.673224434155149,0.45423396965247187,4086
5,beta_neutral,ret_skew,-0.004741708327629073,-0.7213911922527014,-1.5111708708087952,0.4774884400097347,4109
5,beta_neutral,ret_kurt,0.002773114353116314,0.4602946695494438,0.9711935430457441,0.5174008274519348,4109
5,beta_neutral,px_to_ma_10,-0.01162383630297315,-1.1027168521064674,-2.427532863562782,0.4726210756875152,4109
5,beta_neutral,px_to_ma_21,-0.005662385937145974,-0.5300272072510398,-1.1483489984372446,0.4860063275736189,4109
5,beta_neutral,px_to_ma_50,-0.0033445017372364266,-0.29601414144342736,-0.646918270561889,0.4991482112436116,4109
5,beta_neutral,px_to_ma_200,0.006441620744283074,0.473804869459311,0.9858354881952165,0.5303142786439,4041
5,beta_neutral,ma_cross,0.007642068275116252,0.5590208175650587,1.1565894727627624,0.5320465231378372,4041
5,beta_neutral,dist_52w_high,0.011038931851339626,0.835060211807256,1.7050690010858176,0.5341827983337417,4081
5,beta_neutral,dist_52w_low,-0.0004647704558982263,-0.03948860854081315,-0.08212639157772886,0.5155599117863269,4081
5,beta_neutral,bollinger_z,-0.006752983193124279,-0.6942717396728362,-1.50189730901482,0.48235580433195424,4109
5,beta_neutral,rsi_14,-0.0031550091604704623,-0.29694630558327595,-0.6375169989429668,0.5018252616208323,4109
5,beta_neutral,macd_norm,-0.0020429109395926474,-0.18147905760546504,-0.39344444496123576,0.49525431978583595,4109
5,beta_neutral,macd_hist,-0.00480327811954706,-0.472800888515384,-0.9818616018692485,0.48770392013635255,4107
5,beta_neutral,log_dollar_volume,-0.015020624983726064,-2.1243360413292875,-4.345530770413401,0.4373326843514237,4109
5,beta_neutral,dv_trend,-0.0034404526089021614,-0.5411990076431117,-1.1716771468676028,0.48016549038695544,4109
5,beta_neutral,volume_ratio,-0.0031794183214801756,-0.5234279976857698,-1.327516975296271,0.4967145290825018,4109
5,beta_neutral,amihud_illiq,0.0048536361224658115,0.5541875652540891,1.0972005959875606,0.5066926259430519,4109
5,beta_neutral,beta_63,-0.033744512817169996,-2.272215097295851,-4.653323580038174,0.4283280603553176,4109
5,beta_neutral,alpha_63,0.007383634975642969,0.6191751808660738,1.3124318967906055,0.5312728157702604,4109
5,beta_neutral,idio_vol_63,-0.007626622131484562,-0.6727180801554473,-1.3603752661797315,0.47438097572934546,4079
5,beta_neutral,corr_mkt_63,-0.02818361780230068,-2.5380157745703005,-5.20307538026814,0.40520807982477486,4109
21,excess,ret_1,-0.0036465134881864536,-0.3586379607087276,-1.5122419150715163,0.49417758369723436,4122
21,excess,ret_5,-0.006275224195069613,-0.6057273569675101,-1.181959639224426,0.47935891209324916,4118
21,excess,ret_10,-0.0033431891149363724,-0.31891221018971355,-0.4709981378118361,0.4925844882081206,4113
21,excess,ret_21,-0.005750709417981912,-0.5391550727325146,-0.6274735774946383,0.5041443198439786,4102
21,excess,ret_63,0.0022954652419327625,0.19168976220073644,0.21099842679186892,0.5347290640394089,4060
21,excess,ret_126,0.0067805491724999565,0.5438050961574641,0.6390400099422138,0.5411558669001751,3997
21,excess,ret_252,0.017366377254614145,1.264660528277881,1.3190632503712274,0.5592870059416172,3871
21,excess,mom_12_1,0.018607052259872844,1.3920668254993076,1.4639619369594623,0.5569620253164557,3871
21,excess,mom_6_1,0.0035323690711506176,0.29697762076161965,0.34405967113823793,0.5256442331748812,3997
21,excess,vol_10,0.025276950829390302,1.8945608278778197,1.9433433487598148,0.545763534838553,4119
21,excess,vol_21,0.027823871604163754,1.932076458141549,1.901856881279547,0.5466699076324745,4114
21,excess,vol_63,0.029629826597502434,1.9164874217421874,1.8673189802488204,0.5533838260444661,4093
21,excess,vol_ratio,0.00029175963785352846,0.04211050320099267,0.06391084142300509,0.4942584901050574,4093
21,excess,parkinson_vol,0.033033822268579455,2.1691642711815415,2.110855806330919,0.5647288715192965,4094
21,excess,downside_vol,0.015363071996315583,1.059830552799822,1.0834552945502005,0.515970515970516,4070
21,excess,ret_skew,-0.007424772131371271,-1.1227234445794978,-1.1751653920718683,0.48155387246518444,4093
21,excess,ret_kurt,0.011077383843507031,1.8377736637746565,2.0320971134920716,0.5365257757146348,4093
21,excess,px_to_ma_10,-0.006117872269540823,-0.5879344913574553,-0.9961765344726362,0.48519417475728155,4120
21,excess,px_to_ma_21,-0.005305465201159326,-0.5004813655467317,-0.6456734489351451,0.4940461725394897,4115
21,excess,px_to_ma_50,-0.0053118850154135035,-0.48272464705792134,-0.5430076472756676,0.5136585365853659,4100
21,excess,px_to_ma_200,0.007564620397643402,0.574140164254511,0.6637683159037622,0.542111801242236,4025
21,excess,ma_cross,0.007538678737574502,0.569610517098556,0.6547888885092963,0.5483229813664596,4025
21,excess,dist_52w_high,-0.007213121739366396,-0.5109713700089523,-0.5477250219538657,0.5040590405904058,4065
21,excess,dist_52w_low,0.022579560956389393,2.0544057837945267,2.172100365266703,0.5699876998769988,4065
21,excess,bollinger_z,-0.0069289709409612885,-0.7199655520534476,-0.9514766077292164,0.4833535844471446,4115
21,excess,rsi_14,-0.003470769907069219,-0.331833647199616,-0.38772984938020955,0.5104622871046228,4110
21,excess,macd_norm,-0.005587679120697472,-0.49990663836675536,-0.5515736389571674,0.5181751646743108,4099
21,excess,macd_hist,-0.0007518798318029633,-0.07397187528080329,-0.10199543320588285,0.5001222195062331,4091
21,excess,log_dollar_volume,-0.02935272270638702,-4.134364451523622,-4.1136811235730635,0.38069835111542194,4124
21,excess,dv_trend,-0.008759356564705903,-1.3690007042333256,-1.952037533531416,0.4855886663409868,4094
21,excess,volume_ratio,-0.0073323055996051744,-1.2199895334196635,-2.08234092308935,0.47191011235955055,4094
21,excess,amihud_illiq,0.035724642562638596,4.029510178064573,3.9135598207314577,0.6090886880039091,4093
21,excess,beta_63,0.01884827405862475,1.1050195729899137,1.0823422964027123,0.5411678475445884,4093
21,excess,alpha_63,0.0056537873860836195,0.4829249733482011,0.5262806362240219,0.531395064744686,4093
21,excess,idio_vol_63,0.0241662232626236,1.967765736004043,1.9156321024217138,0.561407826729018,4063
21,excess,corr_mkt_63,-0.004446637728404748,-0.3891319281896224,-0.3736770354661941,0.4813095528951869,4093
21,vol_scaled,ret_1,-0.002310444149178243,-0.25051810173762307,-1.0131547001795478,0.4976789640850232,4093
21,vol_scaled,ret_5,-0.004322587643985886,-0.45722140865000305,-0.8558727809007708,0.4756902027852431,4093
21,vol_scaled,ret_10,-0.0022421979838475217,-0.23401699514620886,-0.3281810671447128,0.49401417053505986,4093
21,vol_scaled,ret_21,-0.003592029120038074,-0.3614949149347691,-0.4044648427710235,0.5094063034449059,4093
21,vol_scaled,ret_63,0.005088216181755617,0.46722437946762274,0.5040471647772166,0.5305418719211823,4060
21,vol_scaled,ret_126,0.009575488033844162,0.831239352193669,0.9552678694846333,0.5424068051038279,3997
21,vol_scaled,ret_252,0.019776969525554796,1.5759909645792178,1.589958591297765,0.5641952983725136,3871
21,vol_scaled,mom_12_1,0.020436052665776992,1.6770821912949128,1.7033891111271156,0.5623869801084991,3871
21,vol_scaled,mom_6_1,0.006248427792313045,0.5703479832967443,0.649468952208176,0.5313985489116838,3997
21,vol_scaled,vol_10,-0.022909513642873962,-1.943029268907961,-1.96902049338164,0.4468604935255314,4093
21,vol_scaled,vol_21,-0.027903438765821485,-2.2154255674609336,-2.1534861844779254,0.44050818470559494,4093
21,vol_scaled,vol_63,-0.03445421230172424,-2.5158613757512667,-2.430817767054966,0.43122404104568773,4093
21,vol_scaled,vol_ratio,0.00715264089706347,1.0466921276014693,1.5525259297402778,0.5262643537747373,4093
21,vol_scaled,parkinson_vol,-0.025568886973098143,-1.9164101513321967,-1.8519204623222152,0.4502809675054972,4093
21,vol_scaled,downside_vol,-0.034246926512359034,-2.724960636934381,-2.810950826134665,0.41203931203931204,4070
21,vol_scaled,ret_skew,-0.008242688240606524,-1.3029793755200052,-1.349464115004934,0.46958221353530416,4093
21,vol_scaled,ret_kurt,-0.008777939408078217,-1.3492154880865983,-1.4616167163133558,0.45516735890544835,4093
21,vol_scaled,px_to_ma_10,-0.004268420964620127,-0.44908321761534814,-0.731720852260427,0.48497434644515025,4093
21,vol_scaled,px_to_ma_21,-0.002943741113609343,-0.3004193953338814,-0.37241546613574716,0.49572440752504277,4093
21,vol_scaled,px_to_ma_50,-0.0022955796025602394,-0.22718749416458953,-0.24582995593998652,0.5140483752748595,4093
21,vol_scaled,px_to_ma_200,0.012170237744489403,1.0075582393432472,1.1339761968537736,0.5485714285714286,4025
21,vol_scaled,ma_cross,0.012062557510475089,0.9920334396931839,1.111945169869587,0.5478260869565217,4025
21,vol_scaled,dist_52w_high,0.02212309574968006,1.7839779223044598,1.9250067508409752,0.5517835178351783,4065
21,vol_scaled,dist_52w_low,0.003951146854838538,0.36600806647072975,0.37329305576478355,0.5276752767527675,4065
21,vol_scaled,bollinger_z,-0.005435986607354887,-0.5788457866417871,-0.7795127417876786,0.48741754214512584,4093
21,vol_scaled,rsi_14,-0.0012192360880892007,-0.12121469635750821,-0.14276438421574048,0.5118494991448815,4093
21,vol_scaled,macd_norm,-0.002376904807878937,-0.22995843847279462,-0.245059046391171,0.5155142926948448,4093
21,vol_scaled,macd_hist,-0.0018288560082432349,-0.19618756441249274,-0.2672503247174959,0.490589098020044,4091
21,vol_scaled,log_dollar_volume,-0.02563513650120238,-3.6915002168675044,-3.59575579142585,0.38993403371610064,4093
21,vol_scaled,dv_trend,-0.005668537783734398,-0.9573955627760323,-1.3929977525105144,0.4932812118250672,4093
21,vol_scaled,volume_ratio,-0.0017754050125762812,-0.30890043659713795,-0.538547006530598,0.4935255313950647,4093
21,vol_scaled,amihud_illiq,0.009929500521990127,1.2499128173085094,1.2300739431208803,0.5309064256046909,4093
21,vol_scaled,beta_63,-0.024660108192069527,-1.7335677865119212,-1.6354377463577714,0.46396286342536036,4093
21,vol_scaled,alpha_63,0.01083286143100162,1.0005418747332395,1.0713706269553525,0.539701930124603,4093
21,vol_scaled,idio_vol_63,-0.03290741961915439,-2.705550443846442,-2.6935860084809384,0.4164410534088112,4063
21,vol_scaled,corr_mkt_63,0.0065589615773653,0.5259561077392176,0.5176314697461983,0.5250427559247496,4093
21,beta_neutral,ret_1,-0.002961544599859783,-0.3178969572019145,-1.2874669211143248,0.4876618617151234,4093
21,beta_neutral,ret_5,-0.004708364232375629,-0.49716339049953046,-0.9488015268105325,0.4732470070852675,4093
21,beta_neutral,ret_10,-0.002674386673149035,-0.2821381859835652,-0.40146462432881963,0.4920596139750794,4093
21,beta_neutral,ret_21,-0.0051224814800349535,-0.5193740462508413,-0.5863517020262663,0.49963352064500366,4093
21,beta_neutral,ret_63,0.002360727007634987,0.2141376541155192,0.23178293379094891,0.5248768472906404,4060
21,beta_neutral,ret_126,0.004532261935975331,0.38137223820009003,0.42216027904834813,0.5181386039529647,3997
21,beta_neutral,ret_252,0.007560872297113373,0.5768638363561667,0.5706768999091115,0.5355205373288556,3871
21,beta_neutral,mom_12_1,0.009333754303971499,0.7281519082016426,0.7272447322738744,0.5412038233014725,3871
21,beta_neutral,mom_6_1,0.001716219664750658,0.15105922898443946,0.16793304513862384,0.5071303477608207,3997
21,beta_neutral,vol_10,-0.01621561674862246,-1.4515726193736371,-1.489794174784785,0.4593207915954068,4093
21,beta_neutral,vol_21,-0.01882380279512443,-1.600424326309297,-1.5703917845178152,0.44368433911556315,4093
21,beta_neutral,vol_63,-0.021257186716251642,-1.6944954333147786,-1.6525532072134206,0.44441729782555583,4093
21,beta_neutral,vol_ratio,0.00040071861073027277,0.05999633291993596,0.08627133583812456,0.4971903249450281,4093
21,beta_neutral,parkinson_vol,-0.013197955439178097,-1.0603337854576398,-1.0328431615003264,0.4749572440752504,4093
21,beta_neutral,downside_vol,-0.02372906914226543,-1.8809389025305643,-1.9624486831222332,0.4329238329238329,4070
21,beta_neutral,ret_skew,-0.010377537331118184,-1.609748483890351,-1.704758084153083,0.46469582213535304,4093
21,beta_neutral,ret_kurt,0.008492459775898667,1.4942825596056453,1.6075250429319734,0.533105301734669,4093
21,beta_neutral,px_to_ma_10,-0.004755185203148782,-0.500522005164562,-0.8288105658083885,0.4808209137551918,4093
21,beta_neutral,px_to_ma_21,-0.003872455049321146,-0.3972392388489853,-0.49794061138157725,0.48888345956511114,4093
21,beta_neutral,px_to_ma_50,-0.004825192106636138,-0.47952583167145313,-0.505893932979091,0.5057415098949426,4093
21,beta_neutral,px_to_ma_200,0.005722045433716173,0.45911146754400967,0.49944969405625655,0.528944099378882,4025
21,beta_neutral,ma_cross,0.005344790656516234,0.42622290780479566,0.46127333478235233,0.5284472049689442,4025
21,beta_neutral,dist_52w_high,0.010190024914734263,0.8135611257948537,0.8467271761812488,0.5308733087330874,4065
21,beta_neutral,dist_52w_low,-0.001969155084653768,-0.18365250637492644,-0.18712803746874157,0.5168511685116851,4065
21,beta_neutral,bollinger_z,-0.006079968447224483,-0.6697683556667434,-0.8807348703702379,0.48326410945516735,4093
21,beta_neutral,rsi_14,-0.0038530331854498344,-0.3948199020342452,-0.45044961110534354,0.498900561935011,4093
21,beta_neutral,macd_norm,-0.004822728491622456,-0.46913399208628226,-0.4894639597435436,0.5035426337649646,4093
21,beta_neutral,macd_hist,-0.00034712226126185563,-0.03725721601276944,-0.0536374744460342,0.49645563431923734,4091
21,beta_neutral,log_dollar_volume,-0.03164679611925423,-4.440860420449464,-4.270978750530564,0.36843391155631566,4093
21,beta_neutral,dv_trend,-0.006907196653507758,-1.1296569526086624,-1.5709143267134693,0.48448570730515517,4093
21,beta_neutral,volume_ratio,-0.006258373248741662,-1.0659953334588965,-1.8002175218926924,0.47031517224529684,4093
21,beta_neutral,amihud_illiq,0.018323900824035937,2.1576201598008216,2.0634260227175534,0.5555827021744442,4093
21,beta_neutral,beta_63,-0.0559350175471436,-4.010344409136685,-4.12956081705723,0.3789396530662106,4093
21,beta_neutral,alpha_63,0.014200225500866874,1.266484153776873,1.3700865916542448,0.5487417542145125,4093
21,beta_neutral,idio_vol_63,-0.004204519444224465,-0.38741607484218626,-0.3743978944897302,0.4796948067930101,4063
21,beta_neutral,corr_mkt_63,-0.05158721253693851,-4.9870426532857435,-5.368035702102313,0.3623259223063767,4093
63,excess,ret_1,-0.0018364947933712373,-0.1860443828163347,-0.7754538611031525,0.5031862745098039,4080
63,excess,ret_5,-0.0037275587307854727,-0.36692467655621985,-0.7322575988688094,0.4953385672227674,4076
63,excess,ret_10,-0.003456867871827831,-0.32939446042830417,-0.4661478725720764,0.5001228199459592,4071
63,excess,ret_21,-0.002254923094183056,-0.2123551752583192,-0.2031029166210284,0.4940886699507389,4060
63,excess,ret_63,0.001430700241374234,0.1304983218338205,0.09875572371047273,0.5134395221503235,4018
63,excess,ret_126,0.008460481232417626,0.8103178649785725,0.6821847196380925,0.5512010113780025,3955
63,excess,ret_252,0.014264520036579499,1.164898883673429,0.7262349713217622,0.5419169495951945,3829
63,excess,mom_12_1,0.015926695527652038,1.3162826532579661,0.8044491988061387,0.5403499608252808,3829
63,excess,mom_6_1,0.007834464824354537,0.7692656681861476,0.6768360051034883,0.5380530973451327,3955
63,excess,vol_10,0.04062947407692055,3.0411162071759885,1.9857082996493831,0.58915869511896,4077
63,excess,vol_21,0.044868970969220816,3.1026331611309397,1.9839472482483438,0.5906188605108055,4072
63,excess,vol_63,0.052625468884859944,3.417239564285903,2.10322621396703,0.5961490989879042,4051
63,excess,vol_ratio,-0.0046382581859590955,-0.66654510134443,-0.7223215890612305,0.4754381634164404,4051
63,excess,parkinson_vol,0.05507302433063346,3.592353693921511,2.198981770050968,0.5960019743336624,4052
63,excess,downside_vol,0.03588153852699042,2.4626310414744097,1.6153693281555146,0.5757199602780536,4028
63,excess,ret_skew,-0.00944322433221289,-1.5461011471167168,-1.068820935977425,0.4887682053813873,4051
63,excess,ret_kurt,0.01910527920960514,3.4193341331400706,2.4391860054254026,0.5825722043939768,4051
63,excess,px_to_ma_10,-0.004457994466986472,-0.4341910061990361,-0.7278794241939428,0.49975478175576266,4078
63,excess,px_to_ma_21,-0.00448052731311428,-0.42307653738897144,-0.478968641771691,0.48981095015958753,4073
63,excess,px_to_ma_50,-0.002099752781838275,-0.1920108268589029,-0.155140567052134,0.49876786594381467,4058
63,excess,px_to_ma_200,0.009752379211295266,0.8723484593211491,0.7293722432747042,0.5543560130554858,3983
63,excess,ma_cross,0.010405374543973034,0.9394837791571402,0.7940810455986334,0.5541049460205875,3983
63,excess,dist_52w_high,-0.018026029373037256,-1.3828612618453184,-0.9159099298040975,0.47054436987322895,4023
63,excess,dist_52w_low,0.03750497270526339,3.835855105899368,2.6006660264288497,0.5881183196619438,4023
63,excess,bollinger_z,-0.009366259241954692,-0.9851154898533091,-1.1146201584268831,0.4780260250429659,4073
63,excess,rsi_14,-0.0073322053032731,-0.7084492217124565,-0.6235524687755758,0.48279252704031467,4068
63,excess,macd_norm,-0.0015765022850282096,-0.14396653361471137,-0.1170058700306999,0.4976583682524032,4057
63,excess,macd_hist,-0.0035518623465093445,-0.3513006141221818,-0.6112558719769541,0.4899975302543838,4049
63,excess,log_dollar_volume,-0.04879209329732681,-6.5953505228261,-3.590774430988551,0.3419892209701127,4082
63,excess,dv_trend,-0.004500516265369743,-0.7371606067305913,-0.8616391905805499,0.48321816386969396,4052
63,excess,volume_ratio,-0.006381179615655259,-1.0723417930979737,-1.3076416257069237,0.47408687068114513,4052
63,excess,amihud_illiq,0.06319900114170056,7.033752388019692,3.8647422107307023,0.6897062453715133,4051
63,excess,beta_63,0.03239119031524898,1.896869006130037,1.170160011239599,0.5788694149592694,4051
63,excess,alpha_63,0.0035198476860169815,0.33101142935314626,0.24965378338470096,0.5003702789434707,4051
63,excess,idio_vol_63,0.045115066014052206,3.639265847246692,2.2407385616653994,0.6015916438696841,4021
63,excess,corr_mkt_63,-0.008806382940280938,-0.7698434698090705,-0.48164866577689164,0.4682794371760059,4051
63,vol_scaled,ret_1,-0.0014402517568224131,-0.16119679411473548,-0.624195544775013,0.5053073315230807,4051
63,vol_scaled,ret_5,-0.003659360021180622,-0.3959171099758749,-0.7272622403083203,0.4900024685262898,4051
63,vol_scaled,ret_10,-0.003597033061860032,-0.37570050394525367,-0.48886713559245254,0.4890150580103678,4051
63,vol_scaled,ret_21,-0.0019181717312881975,-0.19478422253031907,-0.18310566359345679,0.4932115527030363,4051
63,vol_scaled,ret_63,0.0030783675876237034,0.30711442439357994,0.22652859332962474,0.5134395221503235,4018
63,vol_scaled,ret_126,0.013403489732553514,1.3513340394372877,1.0093873634056618,0.5491782553729456,3955
63,vol_scaled,ret_252,0.019464541799259324,1.7333999238993067,1.081975575512942,0.5591538260642466,3829
63,vol_scaled,mom_12_1,0.01999809590972258,1.8029685053097235,1.1169119624076098,0.5588926612692608,3829
63,vol_scaled,mom_6_1,0.012837525793399796,1.3159101655556824,0.980179765235017,0.5413400758533502,3955
63,vol_scaled,vol_10,-0.03860283624919166,-3.3357247017358787,-2.2861168388742152,0.4087879535917058,4051
63,vol_scaled,vol_21,-0.04609016042466356,-3.698329327737524,-2.496868403607394,0.40434460627005675,4051
63,vol_scaled,vol_63,-0.052067445047260436,-3.909107103831099,-2.58554898251646,0.40360404838311525,4051
63,vol_scaled,vol_ratio,0.005079731190956612,0.7412821063236301,0.7883402565996961,0.5156751419402616,4051
63,vol_scaled,parkinson_vol,-0.04091517399070109,-3.1407306366139007,-2.0814266726482864,0.4235991113305357,4051
63,vol_scaled,downside_vol,-0.05392748231772962,-4.508770573800618,-3.4966256070798667,0.38257199602780534,4028
63,vol_scaled,ret_skew,-0.01316860528451858,-2.2929501259450693,-1.6163574687734534,0.47198222661071343,4051
63,vol_scaled,ret_kurt,-0.01078905361552508,-1.7236312494263557,-1.2178561348161077,0.44186620587509257,4051
63,vol_scaled,px_to_ma_10,-0.004346087300607098,-0.46412199442160884,-0.7134709598602728,0.4917304369291533,4051
63,vol_scaled,px_to_ma_21,-0.0037790725392498987,-0.38712098507225295,-0.41578763642775785,0.4912367316711923,4051
63,vol_scaled,px_to_ma_50,-0.00033854519258351835,-0.03367027152716668,-0.026962038672668567,0.4944458158479388,4051
63,vol_scaled,px_to_ma_200,0.016084321178207076,1.536264290583662,1.1644742609125003,0.5621390911373336,3983
63,vol_scaled,ma_cross,0.017050377649785592,1.6398411252841498,1.2439432758280982,0.5593773537534522,3983
63,vol_scaled,dist_52w_high,0.03204543765361361,2.8134572700274334,1.8706495401290952,0.5702212279393487,4023
63,vol_scaled,dist_52w_low,0.004550758290635555,0.47550910499295374,0.33338681022478595,0.5165299527715635,4023
63,vol_scaled,bollinger_z,-0.006386376954891356,-0.6881306853584378,-0.7648452777480795,0.48383115280177735,4051
63,vol_scaled,rsi_14,-0.0007739553766260633,-0.07779090555006454,-0.06653008496234875,0.4934584053320168,4051
63,vol_scaled,macd_norm,0.00042513945017795275,0.042213035279544446,0.03409974723296643,0.49740804739570477,4051
63,vol_scaled,macd_hist,-0.00651140671821396,-0.7072779154497777,-1.1823946519502084,0.47937762410471724,4049
63,vol_scaled,log_dollar_volume,-0.044512456244922345,-6.267241087388547,-3.439008840880763,0.3483090594914836,4051
63,vol_scaled,dv_trend,-0.0014499777810630563,-0.25813290453010324,-0.32440820418354066,0.4949395211058998,4051
63,vol_scaled,volume_ratio,0.0013937944891676153,0.24265398457842033,0.3348318456221769,0.5085164156998272,4051
63,vol_scaled,amihud_illiq,0.02256807637459795,2.9598291700769273,1.717715840823946,0.5561589730930634,4051
63,vol_scaled,beta_63,-0.037555489226249315,-2.564860015454788,-1.5365882034058334,0.4527277215502345,4051
63,vol_scaled,alpha_63,0.01127696863276511,1.1440127794850463,0.8142688489624089,0.5144408787953592,4051
63,vol_scaled,idio_vol_63,-0.05296277265364655,-4.7503289185849935,-3.4419695377043076,0.3872171101715991,4021
63,vol_scaled,corr_mkt_63,0.011145738195433168,0.929816997051241,0.5773163396154088,0.5282646260182671,4051
63,beta_neutral,ret_1,-0.000941939501417003,-0.10712079575361828,-0.38602541730888934,0.5043199210071587,4051
63,beta_neutral,ret_5,-0.0005844765228912391,-0.06420687081413123,-0.11063728248569335,0.5033325104912367,4051
63,beta_neutral,ret_10,0.00036843169931137087,0.03919579752763161,0.049735066594260045,0.4937052579609973,4051
63,beta_neutral,ret_21,0.0031735216775292535,0.32913906576499713,0.3063884051196697,0.49814860528264626,4051
63,beta_neutral,ret_63,0.006399735273607762,0.6468478407753108,0.47751759282111456,0.51543056246889,4018
63,beta_neutral,ret_126,0.008987573134809508,0.8785330428803225,0.6160264398313178,0.5266750948166877,3955
63,beta_neutral,ret_252,0.009258813398094411,0.7892864270102681,0.47760076061988055,0.5223295899712719,3829
63,beta_neutral,mom_12_1,0.00844454881288912,0.7277845435896702,0.4393965942090108,0.5283363802559415,3829
63,beta_neutral,mom_6_1,0.006029714226703861,0.6061996846640862,0.42806153593202895,0.5183312262958281,3955
63,beta_neutral,vol_10,-0.026539303000111633,-2.484423478802427,-1.6665276516605418,0.4166872377190817,4051
63,beta_neutral,vol_21,-0.029285331372693624,-2.5707953152288465,-1.6769936444671996,0.41100962725253026,4051
63,beta_neutral,vol_63,-0.028770265379809177,-2.36785873597533,-1.4855791604832598,0.41051592199456927,4051
63,beta_neutral,vol_ratio,-0.006321704613714128,-0.9467406662974874,-1.0102902375447984,0.4734633423845964,4051
63,beta_neutral,parkinson_vol,-0.01875592699402133,-1.5387211239046377,-0.949800187908928,0.44556899530980004,4051
63,beta_neutral,downside_vol,-0.029391835668209878,-2.432612548008223,-1.8704205999087227,0.40342601787487586,4028
63,beta_neutral,ret_skew,-0.01255451799851857,-2.143520360972847,-1.4448354018759857,0.46901999506294745,4051
63,beta_neutral,ret_kurt,0.017485029790980013,3.1231795939340476,1.9877216214637776,0.5593680572698099,4051
63,beta_neutral,px_to_ma_10,-0.0010589225069312686,-0.11486970378377027,-0.16776937635469238,0.4934584053320168,4051
63,beta_neutral,px_to_ma_21,0.0007000623721863088,0.07291303701567878,0.07681423200858149,0.4946926684769193,4051
63,beta_neutral,px_to_ma_50,0.004845212016667222,0.4937759971500963,0.3873107604689525,0.5053073315230807,4051
63,beta_neutral,px_to_ma_200,0.011976464067728903,1.0990173484729633,0.7935811422328058,0.5430579964850615,3983
63,beta_neutral,ma_cross,0.012022171062590296,1.1074151356018787,0.8011620803451532,0.5340195832287221,3983
63,beta_neutral,dist_52w_high,0.01795161879854434,1.5484004629784098,0.9909748435333061,0.5391498881431768,4023
63,beta_neutral,dist_52w_low,0.0006826676997837233,0.07266643758123498,0.05054064573759771,0.5001242853591847,4023
63,beta_neutral,bollinger_z,-0.0032558141779785734,-0.3669508245109158,-0.4009608359436846,0.4939521105899778,4051
63,beta_neutral,rsi_14,0.0021266023296528554,0.22516077255285954,0.1909453076883166,0.5013576894593927,4051
63,beta_neutral,macd_norm,0.005370413407585645,0.546424336904034,0.4329648509977072,0.5033325104912367,4051
63,beta_neutral,macd_hist,-0.0028481807182225752,-0.3158955514716694,-0.5380136255296828,0.49444307236354657,4049
63,beta_neutral,log_dollar_volume,-0.05121443956046256,-7.027291728370039,-3.819933321575085,0.31967415452974574,4051
63,beta_neutral,dv_trend,-0.0011342814883059584,-0.1991880270093143,-0.25062571000620065,0.4927178474450753,4051
63,beta_neutral,volume_ratio,-0.0055933321698025135,-0.9770103801991408,-1.249427296242894,0.4776598370772649,4051
63,beta_neutral,amihud_illiq,0.03410479180508146,3.9839137405178136,2.1929839336001984,0.5978770673907677,4051
63,beta_neutral,beta_63,-0.08424587622776027,-6.33545612653891,-4.100540994771261,0.33201678597877066,4051
63,beta_neutral,alpha_63,0.02093744320647735,2.1061198214659704,1.5324575864865564,0.5418415206121945,4051
63,beta_neutral,idio_vol_63,-0.002678615642247814,-0.25016385391532214,-0.15746757300934147,0.47276796816712263,4021
63,beta_neutral,corr_mkt_63,-0.08112153774845302,-8.505753856753776,-5.481712717656589,0.2725253023944705,4051
